dates_date,open_price,close_price,highest_price,lowest_price,percen_inc,diff,am_growth
2023-01-03,85,85,86,84,.00,0,1
2023-01-04,86,85,86,83,1.18,1,2
2023-01-05,85,83,85,83,.00,0,3
2023-01-06,83,86,86,81,-2.35,-2,4
2023-01-09,87,87,89,87,2.35,2,5
2023-01-10,87,89,90,87,2.35,2,6
2023-01-11,90,95,95,90,5.88,5,7
2023-01-12,96,95,97,93,12.94,11,8
2023-01-13,94,98,98,94,10.59,9,9
2023-01-17,98,96,98,95,15.29,13,10
2023-01-18,97,95,99,95,14.12,12,11
2023-01-19,94,93,95,92,10.59,9,12
2023-01-20,93,97,97,93,9.41,8,13
2023-01-23,97,97,97,95,14.12,12,14
2023-01-24,96,96,98,96,12.94,11,15
2023-01-25,92,97,97,91,8.24,7,16
2023-01-26,98,99,99,96,15.29,13,17
2023-01-27,99,102,103,99,16.47,14,18
2023-01-30,101,100,101,99,18.82,16,19
2023-01-31,101,103,103,101,18.82,16,20
2023-02-01,102,105,106,101,20.00,17,21
2023-02-02,110,112,114,108,29.41,25,22
2023-02-03,105,103,108,102,23.53,20,23
2023-02-06,102,102,103,100,20.00,17,24
2023-02-07,101,102,102,98,18.82,16,25
2023-02-08,102,100,102,98,20.00,17,26
2023-02-09,101,98,101,97,18.82,16,27
2023-02-10,97,97,98,96,14.12,12,28
2023-02-13,97,99,99,96,14.12,12,29
2023-02-14,98,99,100,97,15.29,13,30
2023-02-15,99,101,101,98,16.47,14,31
2023-02-16,99,98,100,98,16.47,14,32
2023-02-17,97,97,97,95,14.12,12,33
2023-02-21,95,94,95,94,11.76,10,34
2023-02-22,95,95,97,94,11.76,10,35
2023-02-23,96,95,96,93,12.94,11,36
2023-02-24,93,93,94,92,9.41,8,37
2023-02-27,94,93,94,93,10.59,9,38
2023-02-28,93,94,94,92,9.41,8,39
2023-03-01,93,92,94,91,9.41,8,40
2023-03-02,91,92,92,90,7.06,6,41
2023-03-03,92,94,94,92,8.24,7,42
2023-03-06,95,93,96,93,11.76,10,43
2023-03-07,94,93,95,92,10.59,9,44
2023-03-08,93,93,94,92,9.41,8,45
2023-03-09,93,92,96,92,9.41,8,46
2023-03-10,92,90,93,90,8.24,7,47
2023-03-13,89,92,94,88,4.71,4,48
2023-03-14,93,94,95,92,9.41,8,49
2023-03-15,93,96,96,93,9.41,8,50
2023-03-16,95,100,100,95,11.76,10,51
2023-03-17,99,98,100,97,16.47,14,52
2023-03-20,98,97,98,95,15.29,13,53
2023-03-21,98,100,100,98,15.29,13,54
2023-03-22,100,98,102,98,17.65,15,55
2023-03-23,100,98,101,97,17.65,15,56
2023-03-24,98,98,98,96,15.29,13,57
2023-03-27,99,98,99,97,16.47,14,58
2023-03-28,98,97,98,96,15.29,13,59
2023-03-29,98,100,100,98,15.29,13,60
2023-03-30,101,102,103,101,18.82,16,61
2023-03-31,102,103,103,101,20.00,17,62
2023-04-03,102,102,103,101,20.00,17,63
2023-04-04,102,103,104,102,20.00,17,64
2023-04-05,103,101,103,100,21.18,18,65
2023-04-06,100,102,102,99,17.65,15,66
2023-04-10,100,102,102,99,17.65,15,67
2023-04-11,100,99,101,99,17.65,15,68
2023-04-12,100,97,100,97,17.65,15,69
2023-04-13,98,102,102,98,15.29,13,70
2023-04-14,102,102,103,101,20.00,17,71
2023-04-17,103,102,103,101,21.18,18,72
2023-04-18,103,102,104,101,21.18,18,73
2023-04-19,101,104,105,101,18.82,16,74
2023-04-20,103,103,105,103,21.18,18,75
2023-04-21,106,106,108,105,24.71,21,76
2023-04-24,107,106,109,105,25.88,22,77
2023-04-25,104,102,105,102,22.35,19,78
2023-04-26,105,104,106,104,23.53,20,79
2023-04-27,108,109,110,106,27.06,23,80
2023-04-28,107,105,109,104,25.88,22,81
2023-05-01,104,102,105,101,22.35,19,82
2023-05-02,101,103,103,101,18.82,16,83
2023-05-03,103,103,105,103,21.18,18,84
2023-05-04,104,104,105,103,22.35,19,85
2023-05-05,104,105,105,103,22.35,19,86
2023-05-08,105,105,106,104,23.53,20,87
2023-05-09,105,106,106,105,23.53,20,88
2023-05-10,108,110,110,108,27.06,23,89
2023-05-11,111,112,113,110,30.59,26,90
2023-05-12,112,110,112,109,31.76,27,91
2023-05-15,111,111,112,109,30.59,26,92
2023-05-16,111,113,114,111,30.59,26,93
2023-05-17,114,115,115,114,34.12,29,94
2023-05-18,116,118,118,116,36.47,31,95
2023-05-19,118,116,118,115,38.82,33,96
2023-05-22,116,115,116,114,36.47,31,97
2023-05-23,114,114,117,113,34.12,29,98
2023-05-24,115,116,117,115,35.29,30,99
2023-05-25,116,115,116,114,36.47,31,100
2023-05-26,116,120,121,116,36.47,31,101
2023-05-30,122,121,122,119,43.53,37,102
2023-05-31,121,120,122,119,42.35,36,103
2023-06-01,120,122,123,119,41.18,35,104
2023-06-02,124,124,126,124,45.88,39,105
2023-06-05,123,125,125,123,44.71,38,106
2023-06-06,125,126,127,125,47.06,40,107
2023-06-07,127,121,127,120,49.41,42,108
2023-06-08,123,124,125,122,44.71,38,109
2023-06-09,124,123,125,123,45.88,39,110
2023-06-12,124,126,126,123,45.88,39,111
2023-06-13,128,126,128,125,50.59,43,112
2023-06-14,126,126,126,124,48.24,41,113
2023-06-15,125,127,127,124,47.06,40,114
2023-06-16,127,125,127,125,49.41,42,115
2023-06-20,124,125,127,124,45.88,39,116
2023-06-21,125,124,126,123,47.06,40,117
2023-06-22,125,130,130,125,47.06,40,118
2023-06-23,129,129,130,128,51.76,44,119
2023-06-26,129,127,131,127,51.76,44,120
2023-06-27,128,129,130,127,50.59,43,121
2023-06-28,128,129,131,128,50.59,43,122
2023-06-29,128,127,129,127,50.59,43,123
2023-06-30,129,130,131,128,51.76,44,124
2023-07-03,130,130,131,130,52.94,45,125
2023-07-05,130,130,131,129,52.94,45,126
2023-07-06,128,128,128,127,50.59,43,127
2023-07-07,128,129,130,128,50.59,43,128
2023-07-10,129,127,129,125,51.76,44,129
2023-07-11,127,128,129,127,49.41,42,130
2023-07-12,130,130,131,128,52.94,45,131
2023-07-13,134,134,134,132,57.65,49,132
2023-07-14,134,134,136,134,57.65,49,133
2023-07-17,134,133,135,133,57.65,49,134
2023-07-18,132,132,133,131,55.29,47,135
2023-07-19,133,135,135,132,56.47,48,136
2023-07-20,134,129,134,129,57.65,49,137
2023-07-21,131,130,131,128,54.12,46,138
2023-07-24,130,128,131,128,52.94,45,139
2023-07-25,129,129,129,128,51.76,44,140
2023-07-26,126,128,129,126,48.24,41,141
2023-07-27,131,128,132,127,54.12,46,142
2023-07-28,129,132,133,129,51.76,44,143
2023-07-31,133,133,133,132,56.47,48,144
2023-08-01,133,131,133,131,56.47,48,145
2023-08-02,130,128,130,126,52.94,45,146
2023-08-03,127,128,129,126,49.41,42,147
2023-08-04,141,139,143,139,65.88,56,148
2023-08-07,140,142,142,138,64.71,55,149
2023-08-08,140,139,140,138,64.71,55,150
2023-08-09,139,137,140,137,63.53,54,151
2023-08-10,139,138,140,137,63.53,54,152
2023-08-11,137,138,139,137,61.18,52,153
2023-08-14,138,140,140,137,62.35,53,154
2023-08-15,140,137,141,137,64.71,55,155
2023-08-16,137,135,137,135,61.18,52,156
2023-08-17,135,133,136,133,58.82,50,157
2023-08-18,131,133,134,131,54.12,46,158
2023-08-21,133,134,135,132,56.47,48,159
2023-08-22,135,134,135,133,58.82,50,160
2023-08-23,134,135,135,133,57.65,49,161
2023-08-24,136,131,136,131,60.00,51,162
2023-08-25,132,133,133,130,55.29,47,163
2023-08-28,133,133,133,131,56.47,48,164
2023-08-29,133,134,135,133,56.47,48,165
2023-08-30,134,135,135,133,57.65,49,166
2023-08-31,135,138,138,135,58.82,50,167
2023-09-01,139,138,139,136,63.53,54,168
2023-09-05,137,137,137,135,61.18,52,169
2023-09-06,136,135,137,134,60.00,51,170
2023-09-07,133,137,138,133,56.47,48,171
2023-09-08,136,138,138,136,60.00,51,172
2023-09-11,138,143,143,138,62.35,53,173
2023-09-12,142,141,143,140,67.06,57,174
2023-09-13,140,144,144,140,64.71,55,175
2023-09-14,145,144,145,142,70.59,60,176
2023-09-15,142,140,143,140,67.06,57,177
2023-09-18,140,139,141,139,64.71,55,178
2023-09-19,138,137,138,135,62.35,53,179
2023-09-20,138,135,139,135,62.35,53,180
2023-09-21,131,129,132,129,54.12,46,181
2023-09-22,131,129,132,128,54.12,46,182
2023-09-25,129,131,131,128,51.76,44,183
2023-09-26,130,125,130,125,52.94,45,184
2023-09-27,125,125,127,124,47.06,40,185
2023-09-28,124,125,126,123,45.88,39,186
2023-09-29,128,127,129,126,50.59,43,187
2023-10-02,127,129,130,126,49.41,42,188
2023-10-03,128,124,128,124,50.59,43,189
2023-10-04,126,127,127,125,48.24,41,190
2023-10-05,126,125,126,124,48.24,41,191
2023-10-06,124,127,128,124,45.88,39,192
2023-10-09,126,128,128,124,48.24,41,193
2023-10-10,128,129,130,128,50.59,43,194
2023-10-11,129,131,132,129,51.76,44,195
2023-10-12,132,132,134,131,55.29,47,196
2023-10-13,132,129,133,128,55.29,47,197
2023-10-16,130,132,133,130,52.94,45,198
2023-10-17,130,131,132,128,52.94,45,199
2023-10-18,129,128,130,127,51.76,44,200
2023-10-19,130,128,132,127,52.94,45,201
2023-10-20,128,125,128,124,50.59,43,202
2023-10-23,124,126,127,123,45.88,39,203
2023-10-24,127,128,128,126,49.41,42,204
2023-10-25,126,121,126,120,48.24,41,205
2023-10-26,120,119,121,118,41.18,35,206
2023-10-27,126,127,130,125,48.24,41,207
2023-10-30,129,132,133,127,51.76,44,208
2023-10-31,132,133,133,131,55.29,47,209
2023-11-01,133,137,137,133,56.47,48,210
2023-11-02,138,138,138,136,62.35,53,211
2023-11-03,138,138,139,137,62.35,53,212
2023-11-06,138,139,140,138,62.35,53,213
2023-11-07,140,142,143,140,64.71,55,214
2023-11-08,142,142,143,141,67.06,57,215
2023-11-09,142,140,142,139,67.06,57,216
2023-11-10,140,143,143,139,64.71,55,217
2023-11-13,142,142,143,140,67.06,57,218
2023-11-14,145,145,147,144,70.59,60,219
2023-11-15,147,143,147,142,72.94,62,220
2023-11-16,140,142,143,139,64.71,55,221
2023-11-17,142,145,145,142,67.06,57,222
2023-11-20,145,146,146,144,70.59,60,223
2023-11-21,143,143,144,141,68.24,58,224
2023-11-22,144,146,147,144,69.41,59,225
2023-11-24,146,146,147,145,71.76,61,226
2023-11-27,147,147,149,146,72.94,62,227
2023-11-28,146,147,147,145,71.76,61,228
2023-11-29,147,146,148,145,72.94,62,229
2023-11-30,144,146,146,144,69.41,59,230
2023-12-01,146,147,147,145,71.76,61,231
2023-12-04,145,144,145,142,70.59,60,232
2023-12-05,143,146,148,143,68.24,58,233
2023-12-06,147,144,147,144,72.94,62,234
2023-12-07,146,146,147,145,71.76,61,235
2023-12-08,145,147,147,145,70.59,60,236
2023-12-11,145,145,146,143,70.59,60,237
2023-12-12,145,147,147,145,70.59,60,238
2023-12-13,148,148,149,146,74.12,63,239
2023-12-14,149,147,150,145,75.29,64,240
2023-12-15,148,149,150,147,74.12,63,241
2023-12-18,150,154,154,150,76.47,65,242
2023-12-19,154,153,155,152,81.18,69,243
2023-12-20,152,152,155,151,78.82,67,244
2023-12-21,153,153,153,152,80.00,68,245
2023-12-22,153,153,154,152,80.00,68,246
2023-12-26,153,153,153,153,80.00,68,247
2023-12-27,153,153,154,153,80.00,68,248
2023-12-28,153,153,154,152,80.00,68,249
2023-12-29,153,151,153,151,80.00,68,250
2024-01-02,151,149,152,148,77.65,66,251
2024-01-03,149,148,151,148,75.29,64,252
2024-01-04,145,144,147,144,70.59,60,253
2024-01-05,144,145,146,144,69.41,59,254
2024-01-08,146,149,149,146,71.76,61,255
2024-01-09,148,151,151,148,74.12,63,256
2024-01-10,152,153,154,151,78.82,67,257
2024-01-11,155,155,157,153,82.35,70,258
2024-01-12,155,154,156,154,82.35,70,259
2024-01-16,153,153,154,152,80.00,68,260
2024-01-17,151,151,152,149,77.65,66,261
2024-01-18,152,153,153,151,78.82,67,262
2024-01-19,153,155,155,152,80.00,68,263
2024-01-22,156,154,157,153,83.53,71,264
2024-01-23,154,156,156,153,81.18,69,265
2024-01-24,157,156,158,156,84.71,72,266
2024-01-25,156,157,158,154,83.53,71,267
2024-01-26,158,159,160,157,85.88,73,268
2024-01-29,159,161,161,158,87.06,74,269
2024-01-30,160,159,161,158,88.24,75,270
2024-01-31,157,155,159,154,84.71,72,271
2024-02-01,155,159,159,155,82.35,70,272
2024-02-02,169,171,172,167,98.82,84,273
2024-02-05,170,170,170,167,100.00,85,274
2024-02-06,169,169,170,167,98.82,84,275
2024-02-07,169,170,170,168,98.82,84,276
2024-02-08,169,169,171,168,98.82,84,277
2024-02-09,170,174,175,170,100.00,85,278
2024-02-12,174,172,175,171,104.71,89,279
2024-02-13,167,168,170,165,96.47,82,280
2024-02-14,169,170,171,168,98.82,84,281
2024-02-15,170,169,171,167,100.00,85,282
2024-02-16,168,169,170,167,97.65,83,283
2024-02-20,167,167,168,165,96.47,82,284
2024-02-21,168,168,170,167,97.65,83,285
2024-02-22,173,174,174,171,103.53,88,286
2024-02-23,174,174,175,173,104.71,89,287
2024-02-26,175,174,176,174,105.88,90,288
2024-02-27,174,173,174,172,104.71,89,289
2024-02-28,172,173,174,172,102.35,87,290
2024-02-29,173,176,177,172,103.53,88,291
2024-03-01,176,178,178,176,107.06,91,292
2024-03-04,177,177,180,177,108.24,92,293
2024-03-05,176,174,176,173,107.06,91,294
2024-03-06,175,173,176,173,105.88,90,295
2024-03-07,174,176,177,173,104.71,89,296
2024-03-08,176,175,178,174,107.06,91,297
2024-03-11,174,171,174,171,104.71,89,298
2024-03-12,173,175,176,171,103.53,88,299
2024-03-13,175,176,177,175,105.88,90,300
2024-03-14,177,178,179,176,108.24,92,301
2024-03-15,176,174,177,173,107.06,91,302
2024-03-18,175,174,176,174,105.88,90,303
2024-03-19,174,175,176,173,104.71,89,304
2024-03-20,176,178,178,174,107.06,91,305
2024-03-21,179,178,181,178,110.59,94,306
2024-03-22,177,178,179,176,108.24,92,307
2024-03-25,178,179,180,177,109.41,93,308
2024-03-26,180,178,180,177,111.76,95,309
2024-03-27,179,179,180,177,110.59,94,310
2024-03-28,180,180,181,179,111.76,95,311
2024-04-01,180,180,183,179,111.76,95,312
2024-04-02,179,180,180,178,110.59,94,313
2024-04-03,179,182,182,179,110.59,94,314
2024-04-04,184,180,185,180,116.47,99,315
2024-04-05,182,185,186,181,114.12,97,316
2024-04-08,186,185,187,184,118.82,101,317
2024-04-09,187,185,187,184,120.00,102,318
2024-04-10,182,185,186,182,114.12,97,319
2024-04-11,186,189,189,185,118.82,101,320
2024-04-12,187,186,188,185,120.00,102,321
2024-04-15,187,183,188,183,120.00,102,322
2024-04-16,183,183,184,182,115.29,98,323
2024-04-17,184,181,184,179,116.47,99,324
2024-04-18,181,179,182,178,112.94,96,325
2024-04-19,178,174,179,173,109.41,93,326
2024-04-22,176,177,178,174,107.06,91,327
2024-04-23,178,179,179,175,109.41,93,328
2024-04-24,179,176,180,176,110.59,94,329
2024-04-25,169,173,173,166,98.82,84,330
2024-04-26,177,179,180,176,108.24,92,331
2024-04-29,182,180,183,179,114.12,97,332
2024-04-30,181,175,182,174,112.94,96,333
2024-05-01,181,179,185,176,112.94,96,334
2024-05-02,180,184,185,179,111.76,95,335
2024-05-03,186,186,187,185,118.82,101,336
2024-05-06,186,188,188,184,118.82,101,337
2024-05-07,188,188,189,187,121.18,103,338
2024-05-08,187,188,188,186,120.00,102,339
2024-05-09,188,189,191,187,121.18,103,340
2024-05-10,189,187,189,186,122.35,104,341
2024-05-13,188,186,188,185,121.18,103,342
2024-05-14,183,187,187,183,115.29,98,343
2024-05-15,185,185,186,182,117.65,100,344
2024-05-16,185,183,187,183,117.65,100,345
2024-05-17,183,184,185,183,115.29,98,346
2024-05-20,184,183,186,183,116.47,99,347
2024-05-21,182,183,183,180,114.12,97,348
2024-05-22,183,183,185,181,115.29,98,349
2024-05-23,183,181,184,180,115.29,98,350
2024-05-24,181,180,182,180,112.94,96,351
2024-05-28,179,182,182,179,110.59,94,352
2024-05-29,181,182,184,181,112.94,96,353
2024-05-30,181,179,181,178,112.94,96,354
2024-05-31,178,176,179,173,109.41,93,355
2024-06-03,177,178,178,175,108.24,92,356
2024-06-04,177,179,179,176,108.24,92,357
2024-06-05,180,181,181,178,111.76,95,358
2024-06-06,181,185,185,181,112.94,96,359
2024-06-07,184,184,186,183,116.47,99,360
2024-06-10,184,187,187,183,116.47,99,361
2024-06-11,187,187,187,184,120.00,102,362
2024-06-12,188,186,188,185,121.18,103,363
2024-06-13,186,183,187,182,118.82,101,364
2024-06-14,183,183,183,182,115.29,98,365
2024-06-17,182,184,185,181,114.12,97,366
2024-06-18,183,182,184,181,115.29,98,367
2024-06-20,182,186,186,182,114.12,97,368
2024-06-21,187,189,189,185,120.00,102,369
2024-06-24,189,185,191,185,122.35,104,370
2024-06-25,186,186,188,185,118.82,101,371
2024-06-26,186,193,194,186,118.82,101,372
2024-06-27,195,197,199,194,129.41,110,373
2024-06-28,197,193,198,192,131.76,112,374
2024-07-01,193,197,198,192,127.06,108,375
